Workbook

Sheet TFT_FaktTab
A1: PK_SK | B1: FK_dim1 | C1: FK_dim2 | D1: Fakt1 | E1: Fakt2 | F1: FaktALL
A2: 1 | B2: 45658 | C2: 123 | D2: 1 | F2: =SUM(D2:E2) -> 1
A3: 2 | B3: 45658 | C3: 321 | D3: 1 | F3: =SUM(D3:E3) -> 1
A4: 3 | B4: 45659 | C4: 234 | D4: 1 | F4: =SUM(D4:E4) -> 1
A5: 4 | B5: 45660 | C5: 321 | D5: 1 | E5: 1 | F5: =SUM(D5:E5) -> 2
A6: 5 | B6: 45660 | C6: 123 | E6: 1 | F6: =SUM(D6:E6) -> 1

Sheet Dim1
A1: PK_dim1 | B1: Dim1attribute1 | C1: Dim1attribute2
A2: 45658 | B2: =WEEKDAY(A2) -> 4 | C2: =MONTH(A2) -> 1
A3: 45659 | B3: =WEEKDAY(A3) -> 5 | C3: =MONTH(A3) -> 1
A4: 45660 | B4: =WEEKDAY(A4) -> 6 | C4: =MONTH(A4) -> 1
A5: 45661 | B5: =WEEKDAY(A5) -> 7 | C5: =MONTH(A5) -> 1

Sheet Dim2
A1: PK_dim1 | B1: Dim1attribute1 | C1: Dim1attribute2
A2: 123 | B2: grün | C2: ebike
A3: 234 | B3: rot | C3: classic
A4: 321 | B4: blau | C4: classic

Sheet TFT_STAR_Joined
A1: PK_SK | B1: FK_dim1 | C1: FK_dim2 | D1: Fakt1 | E1: Fakt2 | F1: FaktALL | G1: Join1 | H1: PK_dim1 | I1: Dim1attribute1 | J1: Dim1attribute2 | K1: Join2 | L1: PK_dim2 | M1: Dim2attribute1 | N1: Dim2attribute2
A2: =TFT_FaktTab!A2 -> 1 | B2: =TFT_FaktTab!B2 -> 45658 | C2: =TFT_FaktTab!C2 -> 123 | D2: =TFT_FaktTab!D2 -> 1 | E2: =TFT_FaktTab!E2 -> 0 | F2: =TFT_FaktTab!F2 -> 1 | H2: =B2 -> 45658 | I2: =VLOOKUP(H2,'Dim1'!$A$2:$C$5,2) -> 4 | J2: =VLOOKUP(H2,'Dim1'!$A$2:$C$5,3) -> 1 | L2: =C2 -> 123 | M2: =VLOOKUP(L2,'Dim2'!$A$2:$C$5,2) -> grün | N2: =VLOOKUP(L2,'Dim2'!$A$2:$C$5,3) -> ebike
A3: =TFT_FaktTab!A3 -> 2 | B3: =TFT_FaktTab!B3 -> 45658 | C3: =TFT_FaktTab!C3 -> 321 | D3: =TFT_FaktTab!D3 -> 1 | E3: =TFT_FaktTab!E3 -> 0 | F3: =TFT_FaktTab!F3 -> 1 | H3: =B3 -> 45658 | I3: =VLOOKUP(H3,'Dim1'!$A$2:$C$5,2) -> 4 | J3: =VLOOKUP(H3,'Dim1'!$A$2:$C$5,3) -> 1 | L3: =C3 -> 321 | M3: =VLOOKUP(L3,'Dim2'!$A$2:$C$5,2) -> blau | N3: =VLOOKUP(L3,'Dim2'!$A$2:$C$5,3) -> classic
A4: =TFT_FaktTab!A4 -> 3 | B4: =TFT_FaktTab!B4 -> 45659 | C4: =TFT_FaktTab!C4 -> 234 | D4: =TFT_FaktTab!D4 -> 1 | E4: =TFT_FaktTab!E4 -> 0 | F4: =TFT_FaktTab!F4 -> 1 | H4: =B4 -> 45659 | I4: =VLOOKUP(H4,'Dim1'!$A$2:$C$5,2) -> 5 | J4: =VLOOKUP(H4,'Dim1'!$A$2:$C$5,3) -> 1 | L4: =C4 -> 234 | M4: =VLOOKUP(L4,'Dim2'!$A$2:$C$5,2) -> rot | N4: =VLOOKUP(L4,'Dim2'!$A$2:$C$5,3) -> classic
A5: =TFT_FaktTab!A5 -> 4 | B5: =TFT_FaktTab!B5 -> 45660 | C5: =TFT_FaktTab!C5 -> 321 | D5: =TFT_FaktTab!D5 -> 1 | E5: =TFT_FaktTab!E5 -> 1 | F5: =TFT_FaktTab!F5 -> 2 | H5: =B5 -> 45660 | I5: =VLOOKUP(H5,'Dim1'!$A$2:$C$5,2) -> 6 | J5: =VLOOKUP(H5,'Dim1'!$A$2:$C$5,3) -> 1 | L5: =C5 -> 321 | M5: =VLOOKUP(L5,'Dim2'!$A$2:$C$5,2) -> blau | N5: =VLOOKUP(L5,'Dim2'!$A$2:$C$5,3) -> classic
A6: =TFT_FaktTab!A6 -> 5 | B6: =TFT_FaktTab!B6 -> 45660 | C6: =TFT_FaktTab!C6 -> 123 | D6: =TFT_FaktTab!D6 -> 0 | E6: =TFT_FaktTab!E6 -> 1 | F6: =TFT_FaktTab!F6 -> 1 | H6: =B6 -> 45660 | I6: =VLOOKUP(H6,'Dim1'!$A$2:$C$5,2) -> 6 | J6: =VLOOKUP(H6,'Dim1'!$A$2:$C$5,3) -> 1 | L6: =C6 -> 123 | M6: =VLOOKUP(L6,'Dim2'!$A$2:$C$5,2) -> grün | N6: =VLOOKUP(L6,'Dim2'!$A$2:$C$5,3) -> ebike

Sheet Pivot
A3: Zeilenbeschriftungen | B3: Summe von PercentageFakt1 | C3: Summe von Fakt1 | D3: Summe von FaktALL
A4: blau | B4: 0.66666667 | C4: 2 | D4: 3
A5: grün | B5: 0.5 | C5: 1 | D5: 2
A6: rot | B6: 1 | C6: 1 | D6: 1
A7: Gesamtergebnis | B7: 0.66666667 | C7: 4 | D7: 6
