Workbook

Sheet Kalender
A1: Datum | B1: Wochentag | C1: Arbeitsfrei | D1: Feiertag | E1: DateKey | F1: Monat | G1: Jahr | H1: DatumWert
A2: ="01.06.2020" -> 01.06.2020 | B2: =CHOOSE(WEEKDAY(DATE(VALUE(RIGHT(H2,4)),VALUE(MID(H2,4,2)),VALUE(LEFT(H2,2))),2),"Montag","Dienstag","Mittwoch","Donnerstag","Freitag","Samstag","Sonntag") -> Montag | C2: =IF(OR(WEEKDAY(DATE(VALUE(RIGHT(H2,4)),VALUE(MID(H2,4,2)),VALUE(LEFT(H2,2))),2)>5,D2=1),"Ja","Nein") -> Nein | D2: 0 | E2: =ROW()-1 -> 1 | F2: =MONTH(DATE(VALUE(RIGHT(H2,4)),VALUE(MID(H2,4,2)),VALUE(LEFT(H2,2)))) -> 6 | G2: =YEAR(DATE(VALUE(RIGHT(H2,4)),VALUE(MID(H2,4,2)),VALUE(LEFT(H2,2)))) -> 2020 | H2: =A2 -> 01.06.2020
A3: ="02.06.2020" -> 02.06.2020 | B3: =CHOOSE(WEEKDAY(DATE(VALUE(RIGHT(H3,4)),VALUE(MID(H3,4,2)),VALUE(LEFT(H3,2))),2),"Montag","Dienstag","Mittwoch","Donnerstag","Freitag","Samstag","Sonntag") -> Dienstag | C3: =IF(OR(WEEKDAY(DATE(VALUE(RIGHT(H3,4)),VALUE(MID(H3,4,2)),VALUE(LEFT(H3,2))),2)>5,D3=1),"Ja","Nein") -> Nein | D3: 0 | E3: =ROW()-1 -> 2 | F3: =MONTH(DATE(VALUE(RIGHT(H3,4)),VALUE(MID(H3,4,2)),VALUE(LEFT(H3,2)))) -> 6 | G3: =YEAR(DATE(VALUE(RIGHT(H3,4)),VALUE(MID(H3,4,2)),VALUE(LEFT(H3,2)))) -> 2020 | H3: =A3 -> 02.06.2020
A4: ="03.06.2020" -> 03.06.2020 | B4: =CHOOSE(WEEKDAY(DATE(VALUE(RIGHT(H4,4)),VALUE(MID(H4,4,2)),VALUE(LEFT(H4,2))),2),"Montag","Dienstag","Mittwoch","Donnerstag","Freitag","Samstag","Sonntag") -> Mittwoch | C4: =IF(OR(WEEKDAY(DATE(VALUE(RIGHT(H4,4)),VALUE(MID(H4,4,2)),VALUE(LEFT(H4,2))),2)>5,D4=1),"Ja","Nein") -> Nein | D4: 0 | E4: =ROW()-1 -> 3 | F4: =MONTH(DATE(VALUE(RIGHT(H4,4)),VALUE(MID(H4,4,2)),VALUE(LEFT(H4,2)))) -> 6 | G4: =YEAR(DATE(VALUE(RIGHT(H4,4)),VALUE(MID(H4,4,2)),VALUE(LEFT(H4,2)))) -> 2020 | H4: =A4 -> 03.06.2020
A5: ="04.06.2020" -> 04.06.2020 | B5: =CHOOSE(WEEKDAY(DATE(VALUE(RIGHT(H5,4)),VALUE(MID(H5,4,2)),VALUE(LEFT(H5,2))),2),"Montag","Dienstag","Mittwoch","Donnerstag","Freitag","Samstag","Sonntag") -> Donnerstag | C5: =IF(OR(WEEKDAY(DATE(VALUE(RIGHT(H5,4)),VALUE(MID(H5,4,2)),VALUE(LEFT(H5,2))),2)>5,D5=1),"Ja","Nein") -> Nein | D5: 0 | E5: =ROW()-1 -> 4 | F5: =MONTH(DATE(VALUE(RIGHT(H5,4)),VALUE(MID(H5,4,2)),VALUE(LEFT(H5,2)))) -> 6 | G5: =YEAR(DATE(VALUE(RIGHT(H5,4)),VALUE(MID(H5,4,2)),VALUE(LEFT(H5,2)))) -> 2020 | H5: =A5 -> 04.06.2020
A6: ="05.06.2020" -> 05.06.2020 | B6: =CHOOSE(WEEKDAY(DATE(VALUE(RIGHT(H6,4)),VALUE(MID(H6,4,2)),VALUE(LEFT(H6,2))),2),"Montag","Dienstag","Mittwoch","Donnerstag","Freitag","Samstag","Sonntag") -> Freitag | C6: =IF(OR(WEEKDAY(DATE(VALUE(RIGHT(H6,4)),VALUE(MID(H6,4,2)),VALUE(LEFT(H6,2))),2)>5,D6=1),"Ja","Nein") -> Nein | D6: 0 | E6: =ROW()-1 -> 5 | F6: =MONTH(DATE(VALUE(RIGHT(H6,4)),VALUE(MID(H6,4,2)),VALUE(LEFT(H6,2)))) -> 6 | G6: =YEAR(DATE(VALUE(RIGHT(H6,4)),VALUE(MID(H6,4,2)),VALUE(LEFT(H6,2)))) -> 2020 | H6: =A6 -> 05.06.2020
A7: ="06.06.2020" -> 06.06.2020 | B7: =CHOOSE(WEEKDAY(DATE(VALUE(RIGHT(H7,4)),VALUE(MID(H7,4,2)),VALUE(LEFT(H7,2))),2),"Montag","Dienstag","Mittwoch","Donnerstag","Freitag","Samstag","Sonntag") -> Samstag | C7: =IF(OR(WEEKDAY(DATE(VALUE(RIGHT(H7,4)),VALUE(MID(H7,4,2)),VALUE(LEFT(H7,2))),2)>5,D7=1),"Ja","Nein") -> Ja | D7: 0 | E7: =ROW()-1 -> 6 | F7: =MONTH(DATE(VALUE(RIGHT(H7,4)),VALUE(MID(H7,4,2)),VALUE(LEFT(H7,2)))) -> 6 | G7: =YEAR(DATE(VALUE(RIGHT(H7,4)),VALUE(MID(H7,4,2)),VALUE(LEFT(H7,2)))) -> 2020 | H7: =A7 -> 06.06.2020
A8: ="07.06.2020" -> 07.06.2020 | B8: =CHOOSE(WEEKDAY(DATE(VALUE(RIGHT(H8,4)),VALUE(MID(H8,4,2)),VALUE(LEFT(H8,2))),2),"Montag","Dienstag","Mittwoch","Donnerstag","Freitag","Samstag","Sonntag") -> Sonntag | C8: =IF(OR(WEEKDAY(DATE(VALUE(RIGHT(H8,4)),VALUE(MID(H8,4,2)),VALUE(LEFT(H8,2))),2)>5,D8=1),"Ja","Nein") -> Ja | D8: 0 | E8: =ROW()-1 -> 7 | F8: =MONTH(DATE(VALUE(RIGHT(H8,4)),VALUE(MID(H8,4,2)),VALUE(LEFT(H8,2)))) -> 6 | G8: =YEAR(DATE(VALUE(RIGHT(H8,4)),VALUE(MID(H8,4,2)),VALUE(LEFT(H8,2)))) -> 2020 | H8: =A8 -> 07.06.2020
A9: ="08.06.2020" -> 08.06.2020 | B9: =CHOOSE(WEEKDAY(DATE(VALUE(RIGHT(H9,4)),VALUE(MID(H9,4,2)),VALUE(LEFT(H9,2))),2),"Montag","Dienstag","Mittwoch","Donnerstag","Freitag","Samstag","Sonntag") -> Montag | C9: =IF(OR(WEEKDAY(DATE(VALUE(RIGHT(H9,4)),VALUE(MID(H9,4,2)),VALUE(LEFT(H9,2))),2)>5,D9=1),"Ja","Nein") -> Nein | D9: 0 | E9: =ROW()-1 -> 8 | F9: =MONTH(DATE(VALUE(RIGHT(H9,4)),VALUE(MID(H9,4,2)),VALUE(LEFT(H9,2)))) -> 6 | G9: =YEAR(DATE(VALUE(RIGHT(H9,4)),VALUE(MID(H9,4,2)),VALUE(LEFT(H9,2)))) -> 2020 | H9: =A9 -> 08.06.2020
A10: ="09.06.2020" -> 09.06.2020 | B10: =CHOOSE(WEEKDAY(DATE(VALUE(RIGHT(H10,4)),VALUE(MID(H10,4,2)),VALUE(LEFT(H10,2))),2),"Montag","Dienstag","Mittwoch","Donnerstag","Freitag","Samstag","Sonntag") -> Dienstag | C10: =IF(OR(WEEKDAY(DATE(VALUE(RIGHT(H10,4)),VALUE(MID(H10,4,2)),VALUE(LEFT(H10,2))),2)>5,D10=1),"Ja","Nein") -> Nein | D10: 0 | E10: =ROW()-1 -> 9 | F10: =MONTH(DATE(VALUE(RIGHT(H10,4)),VALUE(MID(H10,4,2)),VALUE(LEFT(H10,2)))) -> 6 | G10: =YEAR(DATE(VALUE(RIGHT(H10,4)),VALUE(MID(H10,4,2)),VALUE(LEFT(H10,2)))) -> 2020 | H10: =A10 -> 09.06.2020
A11: ="10.06.2020" -> 10.06.2020 | B11: =CHOOSE(WEEKDAY(DATE(VALUE(RIGHT(H11,4)),VALUE(MID(H11,4,2)),VALUE(LEFT(H11,2))),2),"Montag","Dienstag","Mittwoch","Donnerstag","Freitag","Samstag","Sonntag") -> Mittwoch | C11: =IF(OR(WEEKDAY(DATE(VALUE(RIGHT(H11,4)),VALUE(MID(H11,4,2)),VALUE(LEFT(H11,2))),2)>5,D11=1),"Ja","Nein") -> Nein | D11: 0 | E11: =ROW()-1 -> 10 | F11: =MONTH(DATE(VALUE(RIGHT(H11,4)),VALUE(MID(H11,4,2)),VALUE(LEFT(H11,2)))) -> 6 | G11: =YEAR(DATE(VALUE(RIGHT(H11,4)),VALUE(MID(H11,4,2)),VALUE(LEFT(H11,2)))) -> 2020 | H11: =A11 -> 10.06.2020
A12: ="11.06.2020" -> 11.06.2020 | B12: =CHOOSE(WEEKDAY(DATE(VALUE(RIGHT(H12,4)),VALUE(MID(H12,4,2)),VALUE(LEFT(H12,2))),2),"Montag","Dienstag","Mittwoch","Donnerstag","Freitag","Samstag","Sonntag") -> Donnerstag | C12: =IF(OR(WEEKDAY(DATE(VALUE(RIGHT(H12,4)),VALUE(MID(H12,4,2)),VALUE(LEFT(H12,2))),2)>5,D12=1),"Ja","Nein") -> Nein | D12: 0 | E12: =ROW()-1 -> 11 | F12: =MONTH(DATE(VALUE(RIGHT(H12,4)),VALUE(MID(H12,4,2)),VALUE(LEFT(H12,2)))) -> 6 | G12: =YEAR(DATE(VALUE(RIGHT(H12,4)),VALUE(MID(H12,4,2)),VALUE(LEFT(H12,2)))) -> 2020 | H12: =A12 -> 11.06.2020
A13: ="12.06.2020" -> 12.06.2020 | B13: =CHOOSE(WEEKDAY(DATE(VALUE(RIGHT(H13,4)),VALUE(MID(H13,4,2)),VALUE(LEFT(H13,2))),2),"Montag","Dienstag","Mittwoch","Donnerstag","Freitag","Samstag","Sonntag") -> Freitag | C13: =IF(OR(WEEKDAY(DATE(VALUE(RIGHT(H13,4)),VALUE(MID(H13,4,2)),VALUE(LEFT(H13,2))),2)>5,D13=1),"Ja","Nein") -> Nein | D13: 0 | E13: =ROW()-1 -> 12 | F13: =MONTH(DATE(VALUE(RIGHT(H13,4)),VALUE(MID(H13,4,2)),VALUE(LEFT(H13,2)))) -> 6 | G13: =YEAR(DATE(VALUE(RIGHT(H13,4)),VALUE(MID(H13,4,2)),VALUE(LEFT(H13,2)))) -> 2020 | H13: =A13 -> 12.06.2020
A14: ="13.06.2020" -> 13.06.2020 | B14: =CHOOSE(WEEKDAY(DATE(VALUE(RIGHT(H14,4)),VALUE(MID(H14,4,2)),VALUE(LEFT(H14,2))),2),"Montag","Dienstag","Mittwoch","Donnerstag","Freitag","Samstag","Sonntag") -> Samstag | C14: =IF(OR(WEEKDAY(DATE(VALUE(RIGHT(H14,4)),VALUE(MID(H14,4,2)),VALUE(LEFT(H14,2))),2)>5,D14=1),"Ja","Nein") -> Ja | D14: 0 | E14: =ROW()-1 -> 13 | F14: =MONTH(DATE(VALUE(RIGHT(H14,4)),VALUE(MID(H14,4,2)),VALUE(LEFT(H14,2)))) -> 6 | G14: =YEAR(DATE(VALUE(RIGHT(H14,4)),VALUE(MID(H14,4,2)),VALUE(LEFT(H14,2)))) -> 2020 | H14: =A14 -> 13.06.2020
A15: ="14.06.2020" -> 14.06.2020 | B15: =CHOOSE(WEEKDAY(DATE(VALUE(RIGHT(H15,4)),VALUE(MID(H15,4,2)),VALUE(LEFT(H15,2))),2),"Montag","Dienstag","Mittwoch","Donnerstag","Freitag","Samstag","Sonntag") -> Sonntag | C15: =IF(OR(WEEKDAY(DATE(VALUE(RIGHT(H15,4)),VALUE(MID(H15,4,2)),VALUE(LEFT(H15,2))),2)>5,D15=1),"Ja","Nein") -> Ja | D15: 0 | E15: =ROW()-1 -> 14 | F15: =MONTH(DATE(VALUE(RIGHT(H15,4)),VALUE(MID(H15,4,2)),VALUE(LEFT(H15,2)))) -> 6 | G15: =YEAR(DATE(VALUE(RIGHT(H15,4)),VALUE(MID(H15,4,2)),VALUE(LEFT(H15,2)))) -> 2020 | H15: =A15 -> 14.06.2020
A16: ="15.06.2020" -> 15.06.2020 | B16: =CHOOSE(WEEKDAY(DATE(VALUE(RIGHT(H16,4)),VALUE(MID(H16,4,2)),VALUE(LEFT(H16,2))),2),"Montag","Dienstag","Mittwoch","Donnerstag","Freitag","Samstag","Sonntag") -> Montag | C16: =IF(OR(WEEKDAY(DATE(VALUE(RIGHT(H16,4)),VALUE(MID(H16,4,2)),VALUE(LEFT(H16,2))),2)>5,D16=1),"Ja","Nein") -> Nein | D16: 0 | E16: =ROW()-1 -> 15 | F16: =MONTH(DATE(VALUE(RIGHT(H16,4)),VALUE(MID(H16,4,2)),VALUE(LEFT(H16,2)))) -> 6 | G16: =YEAR(DATE(VALUE(RIGHT(H16,4)),VALUE(MID(H16,4,2)),VALUE(LEFT(H16,2)))) -> 2020 | H16: =A16 -> 15.06.2020
A17: ="16.06.2020" -> 16.06.2020 | B17: =CHOOSE(WEEKDAY(DATE(VALUE(RIGHT(H17,4)),VALUE(MID(H17,4,2)),VALUE(LEFT(H17,2))),2),"Montag","Dienstag","Mittwoch","Donnerstag","Freitag","Samstag","Sonntag") -> Dienstag | C17: =IF(OR(WEEKDAY(DATE(VALUE(RIGHT(H17,4)),VALUE(MID(H17,4,2)),VALUE(LEFT(H17,2))),2)>5,D17=1),"Ja","Nein") -> Nein | D17: 0 | E17: =ROW()-1 -> 16 | F17: =MONTH(DATE(VALUE(RIGHT(H17,4)),VALUE(MID(H17,4,2)),VALUE(LEFT(H17,2)))) -> 6 | G17: =YEAR(DATE(VALUE(RIGHT(H17,4)),VALUE(MID(H17,4,2)),VALUE(LEFT(H17,2)))) -> 2020 | H17: =A17 -> 16.06.2020
A18: ="17.06.2020" -> 17.06.2020 | B18: =CHOOSE(WEEKDAY(DATE(VALUE(RIGHT(H18,4)),VALUE(MID(H18,4,2)),VALUE(LEFT(H18,2))),2),"Montag","Dienstag","Mittwoch","Donnerstag","Freitag","Samstag","Sonntag") -> Mittwoch | C18: =IF(OR(WEEKDAY(DATE(VALUE(RIGHT(H18,4)),VALUE(MID(H18,4,2)),VALUE(LEFT(H18,2))),2)>5,D18=1),"Ja","Nein") -> Nein | D18: 0 | E18: =ROW()-1 -> 17 | F18: =MONTH(DATE(VALUE(RIGHT(H18,4)),VALUE(MID(H18,4,2)),VALUE(LEFT(H18,2)))) -> 6 | G18: =YEAR(DATE(VALUE(RIGHT(H18,4)),VALUE(MID(H18,4,2)),VALUE(LEFT(H18,2)))) -> 2020 | H18: =A18 -> 17.06.2020
A19: ="18.06.2020" -> 18.06.2020 | B19: =CHOOSE(WEEKDAY(DATE(VALUE(RIGHT(H19,4)),VALUE(MID(H19,4,2)),VALUE(LEFT(H19,2))),2),"Montag","Dienstag","Mittwoch","Donnerstag","Freitag","Samstag","Sonntag") -> Donnerstag | C19: =IF(OR(WEEKDAY(DATE(VALUE(RIGHT(H19,4)),VALUE(MID(H19,4,2)),VALUE(LEFT(H19,2))),2)>5,D19=1),"Ja","Nein") -> Nein | D19: 0 | E19: =ROW()-1 -> 18 | F19: =MONTH(DATE(VALUE(RIGHT(H19,4)),VALUE(MID(H19,4,2)),VALUE(LEFT(H19,2)))) -> 6 | G19: =YEAR(DATE(VALUE(RIGHT(H19,4)),VALUE(MID(H19,4,2)),VALUE(LEFT(H19,2)))) -> 2020 | H19: =A19 -> 18.06.2020
A20: ="19.06.2020" -> 19.06.2020 | B20: =CHOOSE(WEEKDAY(DATE(VALUE(RIGHT(H20,4)),VALUE(MID(H20,4,2)),VALUE(LEFT(H20,2))),2),"Montag","Dienstag","Mittwoch","Donnerstag","Freitag","Samstag","Sonntag") -> Freitag | C20: =IF(OR(WEEKDAY(DATE(VALUE(RIGHT(H20,4)),VALUE(MID(H20,4,2)),VALUE(LEFT(H20,2))),2)>5,D20=1),"Ja","Nein") -> Nein | D20: 0 | E20: =ROW()-1 -> 19 | F20: =MONTH(DATE(VALUE(RIGHT(H20,4)),VALUE(MID(H20,4,2)),VALUE(LEFT(H20,2)))) -> 6 | G20: =YEAR(DATE(VALUE(RIGHT(H20,4)),VALUE(MID(H20,4,2)),VALUE(LEFT(H20,2)))) -> 2020 | H20: =A20 -> 19.06.2020
A21: ="20.06.2020" -> 20.06.2020 | B21: =CHOOSE(WEEKDAY(DATE(VALUE(RIGHT(H21,4)),VALUE(MID(H21,4,2)),VALUE(LEFT(H21,2))),2),"Montag","Dienstag","Mittwoch","Donnerstag","Freitag","Samstag","Sonntag") -> Samstag | C21: =IF(OR(WEEKDAY(DATE(VALUE(RIGHT(H21,4)),VALUE(MID(H21,4,2)),VALUE(LEFT(H21,2))),2)>5,D21=1),"Ja","Nein") -> Ja | D21: 0 | E21: =ROW()-1 -> 20 | F21: =MONTH(DATE(VALUE(RIGHT(H21,4)),VALUE(MID(H21,4,2)),VALUE(LEFT(H21,2)))) -> 6 | G21: =YEAR(DATE(VALUE(RIGHT(H21,4)),VALUE(MID(H21,4,2)),VALUE(LEFT(H21,2)))) -> 2020 | H21: =A21 -> 20.06.2020
A22: ="21.06.2020" -> 21.06.2020 | B22: =CHOOSE(WEEKDAY(DATE(VALUE(RIGHT(H22,4)),VALUE(MID(H22,4,2)),VALUE(LEFT(H22,2))),2),"Montag","Dienstag","Mittwoch","Donnerstag","Freitag","Samstag","Sonntag") -> Sonntag | C22: =IF(OR(WEEKDAY(DATE(VALUE(RIGHT(H22,4)),VALUE(MID(H22,4,2)),VALUE(LEFT(H22,2))),2)>5,D22=1),"Ja","Nein") -> Ja | D22: 0 | E22: =ROW()-1 -> 21 | F22: =MONTH(DATE(VALUE(RIGHT(H22,4)),VALUE(MID(H22,4,2)),VALUE(LEFT(H22,2)))) -> 6 | G22: =YEAR(DATE(VALUE(RIGHT(H22,4)),VALUE(MID(H22,4,2)),VALUE(LEFT(H22,2)))) -> 2020 | H22: =A22 -> 21.06.2020
A23: ="22.06.2020" -> 22.06.2020 | B23: =CHOOSE(WEEKDAY(DATE(VALUE(RIGHT(H23,4)),VALUE(MID(H23,4,2)),VALUE(LEFT(H23,2))),2),"Montag","Dienstag","Mittwoch","Donnerstag","Freitag","Samstag","Sonntag") -> Montag | C23: =IF(OR(WEEKDAY(DATE(VALUE(RIGHT(H23,4)),VALUE(MID(H23,4,2)),VALUE(LEFT(H23,2))),2)>5,D23=1),"Ja","Nein") -> Nein | D23: 0 | E23: =ROW()-1 -> 22 | F23: =MONTH(DATE(VALUE(RIGHT(H23,4)),VALUE(MID(H23,4,2)),VALUE(LEFT(H23,2)))) -> 6 | G23: =YEAR(DATE(VALUE(RIGHT(H23,4)),VALUE(MID(H23,4,2)),VALUE(LEFT(H23,2)))) -> 2020 | H23: =A23 -> 22.06.2020
A24: ="23.06.2020" -> 23.06.2020 | B24: =CHOOSE(WEEKDAY(DATE(VALUE(RIGHT(H24,4)),VALUE(MID(H24,4,2)),VALUE(LEFT(H24,2))),2),"Montag","Dienstag","Mittwoch","Donnerstag","Freitag","Samstag","Sonntag") -> Dienstag | C24: =IF(OR(WEEKDAY(DATE(VALUE(RIGHT(H24,4)),VALUE(MID(H24,4,2)),VALUE(LEFT(H24,2))),2)>5,D24=1),"Ja","Nein") -> Nein | D24: 0 | E24: =ROW()-1 -> 23 | F24: =MONTH(DATE(VALUE(RIGHT(H24,4)),VALUE(MID(H24,4,2)),VALUE(LEFT(H24,2)))) -> 6 | G24: =YEAR(DATE(VALUE(RIGHT(H24,4)),VALUE(MID(H24,4,2)),VALUE(LEFT(H24,2)))) -> 2020 | H24: =A24 -> 23.06.2020
A25: ="24.06.2020" -> 24.06.2020 | B25: =CHOOSE(WEEKDAY(DATE(VALUE(RIGHT(H25,4)),VALUE(MID(H25,4,2)),VALUE(LEFT(H25,2))),2),"Montag","Dienstag","Mittwoch","Donnerstag","Freitag","Samstag","Sonntag") -> Mittwoch | C25: =IF(OR(WEEKDAY(DATE(VALUE(RIGHT(H25,4)),VALUE(MID(H25,4,2)),VALUE(LEFT(H25,2))),2)>5,D25=1),"Ja","Nein") -> Nein | D25: 0 | E25: =ROW()-1 -> 24 | F25: =MONTH(DATE(VALUE(RIGHT(H25,4)),VALUE(MID(H25,4,2)),VALUE(LEFT(H25,2)))) -> 6 | G25: =YEAR(DATE(VALUE(RIGHT(H25,4)),VALUE(MID(H25,4,2)),VALUE(LEFT(H25,2)))) -> 2020 | H25: =A25 -> 24.06.2020
A26: ="25.06.2020" -> 25.06.2020 | B26: =CHOOSE(WEEKDAY(DATE(VALUE(RIGHT(H26,4)),VALUE(MID(H26,4,2)),VALUE(LEFT(H26,2))),2),"Montag","Dienstag","Mittwoch","Donnerstag","Freitag","Samstag","Sonntag") -> Donnerstag | C26: =IF(OR(WEEKDAY(DATE(VALUE(RIGHT(H26,4)),VALUE(MID(H26,4,2)),VALUE(LEFT(H26,2))),2)>5,D26=1),"Ja","Nein") -> Nein | D26: 0 | E26: =ROW()-1 -> 25 | F26: =MONTH(DATE(VALUE(RIGHT(H26,4)),VALUE(MID(H26,4,2)),VALUE(LEFT(H26,2)))) -> 6 | G26: =YEAR(DATE(VALUE(RIGHT(H26,4)),VALUE(MID(H26,4,2)),VALUE(LEFT(H26,2)))) -> 2020 | H26: =A26 -> 25.06.2020
A27: ="26.06.2020" -> 26.06.2020 | B27: =CHOOSE(WEEKDAY(DATE(VALUE(RIGHT(H27,4)),VALUE(MID(H27,4,2)),VALUE(LEFT(H27,2))),2),"Montag","Dienstag","Mittwoch","Donnerstag","Freitag","Samstag","Sonntag") -> Freitag | C27: =IF(OR(WEEKDAY(DATE(VALUE(RIGHT(H27,4)),VALUE(MID(H27,4,2)),VALUE(LEFT(H27,2))),2)>5,D27=1),"Ja","Nein") -> Nein | D27: 0 | E27: =ROW()-1 -> 26 | F27: =MONTH(DATE(VALUE(RIGHT(H27,4)),VALUE(MID(H27,4,2)),VALUE(LEFT(H27,2)))) -> 6 | G27: =YEAR(DATE(VALUE(RIGHT(H27,4)),VALUE(MID(H27,4,2)),VALUE(LEFT(H27,2)))) -> 2020 | H27: =A27 -> 26.06.2020
A28: ="27.06.2020" -> 27.06.2020 | B28: =CHOOSE(WEEKDAY(DATE(VALUE(RIGHT(H28,4)),VALUE(MID(H28,4,2)),VALUE(LEFT(H28,2))),2),"Montag","Dienstag","Mittwoch","Donnerstag","Freitag","Samstag","Sonntag") -> Samstag | C28: =IF(OR(WEEKDAY(DATE(VALUE(RIGHT(H28,4)),VALUE(MID(H28,4,2)),VALUE(LEFT(H28,2))),2)>5,D28=1),"Ja","Nein") -> Ja | D28: 0 | E28: =ROW()-1 -> 27 | F28: =MONTH(DATE(VALUE(RIGHT(H28,4)),VALUE(MID(H28,4,2)),VALUE(LEFT(H28,2)))) -> 6 | G28: =YEAR(DATE(VALUE(RIGHT(H28,4)),VALUE(MID(H28,4,2)),VALUE(LEFT(H28,2)))) -> 2020 | H28: =A28 -> 27.06.2020
A29: ="28.06.2020" -> 28.06.2020 | B29: =CHOOSE(WEEKDAY(DATE(VALUE(RIGHT(H29,4)),VALUE(MID(H29,4,2)),VALUE(LEFT(H29,2))),2),"Montag","Dienstag","Mittwoch","Donnerstag","Freitag","Samstag","Sonntag") -> Sonntag | C29: =IF(OR(WEEKDAY(DATE(VALUE(RIGHT(H29,4)),VALUE(MID(H29,4,2)),VALUE(LEFT(H29,2))),2)>5,D29=1),"Ja","Nein") -> Ja | D29: 0 | E29: =ROW()-1 -> 28 | F29: =MONTH(DATE(VALUE(RIGHT(H29,4)),VALUE(MID(H29,4,2)),VALUE(LEFT(H29,2)))) -> 6 | G29: =YEAR(DATE(VALUE(RIGHT(H29,4)),VALUE(MID(H29,4,2)),VALUE(LEFT(H29,2)))) -> 2020 | H29: =A29 -> 28.06.2020
A30: ="29.06.2020" -> 29.06.2020 | B30: =CHOOSE(WEEKDAY(DATE(VALUE(RIGHT(H30,4)),VALUE(MID(H30,4,2)),VALUE(LEFT(H30,2))),2),"Montag","Dienstag","Mittwoch","Donnerstag","Freitag","Samstag","Sonntag") -> Montag | C30: =IF(OR(WEEKDAY(DATE(VALUE(RIGHT(H30,4)),VALUE(MID(H30,4,2)),VALUE(LEFT(H30,2))),2)>5,D30=1),"Ja","Nein") -> Nein | D30: 0 | E30: =ROW()-1 -> 29 | F30: =MONTH(DATE(VALUE(RIGHT(H30,4)),VALUE(MID(H30,4,2)),VALUE(LEFT(H30,2)))) -> 6 | G30: =YEAR(DATE(VALUE(RIGHT(H30,4)),VALUE(MID(H30,4,2)),VALUE(LEFT(H30,2)))) -> 2020 | H30: =A30 -> 29.06.2020
A31: ="30.06.2020" -> 30.06.2020 | B31: =CHOOSE(WEEKDAY(DATE(VALUE(RIGHT(H31,4)),VALUE(MID(H31,4,2)),VALUE(LEFT(H31,2))),2),"Montag","Dienstag","Mittwoch","Donnerstag","Freitag","Samstag","Sonntag") -> Dienstag | C31: =IF(OR(WEEKDAY(DATE(VALUE(RIGHT(H31,4)),VALUE(MID(H31,4,2)),VALUE(LEFT(H31,2))),2)>5,D31=1),"Ja","Nein") -> Nein | D31: 0 | E31: =ROW()-1 -> 30 | F31: =MONTH(DATE(VALUE(RIGHT(H31,4)),VALUE(MID(H31,4,2)),VALUE(LEFT(H31,2)))) -> 6 | G31: =YEAR(DATE(VALUE(RIGHT(H31,4)),VALUE(MID(H31,4,2)),VALUE(LEFT(H31,2)))) -> 2020 | H31: =A31 -> 30.06.2020

Sheet Abwesenheiten
A1: EmployeeNo | B1: AbsenceID | C1: AbsenceCause | D1: FromDate | E1: ToDate | F1: FromDateWert | G1: ToDateWert
A2: E001 | B2: 1 | C2: KRANK | D2: =F2 -> 02.06.2020 | E2: =G2 -> 03.06.2020 | F2: ="02.06.2020" -> 02.06.2020 | G2: ="03.06.2020" -> 03.06.2020
A3: E001 | B3: 2 | C3: KRANK | D3: =F3 -> 08.06.2020 | E3: =G3 -> 10.06.2020 | F3: ="08.06.2020" -> 08.06.2020 | G3: ="10.06.2020" -> 10.06.2020
A4: E002 | B4: 3 | C4: URLAUB | D4: =F4 -> 05.06.2020 | E4: =G4 -> 05.06.2020 | F4: ="05.06.2020" -> 05.06.2020 | G4: ="05.06.2020" -> 05.06.2020
A5: E002 | B5: 4 | C5: KRANK | D5: =F5 -> 15.06.2020 | E5: =G5 -> 17.06.2020 | F5: ="15.06.2020" -> 15.06.2020 | G5: ="17.06.2020" -> 17.06.2020
A6: E003 | B6: 5 | C6: KRANK | D6: =F6 -> 26.06.2020 | E6: =G6 -> 26.06.2020 | F6: ="26.06.2020" -> 26.06.2020 | G6: ="26.06.2020" -> 26.06.2020

Sheet Dim_Mitarbeiter
A1: EmployeeNo | B1: Vorname | C1: Nachname | D1: Abteilung | E1: Position | F1: Standort
A2: E001 | B2: Alice | C2: Müller | D2: Vertrieb | E2: Sales Rep | F2: Köln
A3: E002 | B3: Bob | C3: Schmidt | D3: IT | E3: Developer | F3: Köln
A4: E003 | B4: Carol | C4: Becker | D4: HR | E4: HR Manager | F4: Köln

Sheet Dim_Abwesenheit
A1: AbsenceCause | B1: Beschreibung
A2: KRANK | B2: Krankheit
A3: URLAUB | B3: Urlaub
A4: SONSTIG | B4: Sonstiges

Sheet Dim_Datum
A1: DateKey | B1: Datum | C1: Wochentag | D1: Arbeitsfrei | E1: Feiertag | F1: Monat | G1: Jahr | H1: DatumWert
A2: =Kalender!E2 -> 1 | B2: =Kalender!A2 -> 01.06.2020 | C2: =Kalender!B2 -> Montag | D2: =Kalender!C2 -> Nein | E2: =Kalender!D2 -> 0 | F2: =Kalender!F2 -> 6 | G2: =Kalender!G2 -> 2020 | H2: =Kalender!H2 -> 01.06.2020
A3: =Kalender!E3 -> 2 | B3: =Kalender!A3 -> 02.06.2020 | C3: =Kalender!B3 -> Dienstag | D3: =Kalender!C3 -> Nein | E3: =Kalender!D3 -> 0 | F3: =Kalender!F3 -> 6 | G3: =Kalender!G3 -> 2020 | H3: =Kalender!H3 -> 02.06.2020
A4: =Kalender!E4 -> 3 | B4: =Kalender!A4 -> 03.06.2020 | C4: =Kalender!B4 -> Mittwoch | D4: =Kalender!C4 -> Nein | E4: =Kalender!D4 -> 0 | F4: =Kalender!F4 -> 6 | G4: =Kalender!G4 -> 2020 | H4: =Kalender!H4 -> 03.06.2020
A5: =Kalender!E5 -> 4 | B5: =Kalender!A5 -> 04.06.2020 | C5: =Kalender!B5 -> Donnerstag | D5: =Kalender!C5 -> Nein | E5: =Kalender!D5 -> 0 | F5: =Kalender!F5 -> 6 | G5: =Kalender!G5 -> 2020 | H5: =Kalender!H5 -> 04.06.2020
A6: =Kalender!E6 -> 5 | B6: =Kalender!A6 -> 05.06.2020 | C6: =Kalender!B6 -> Freitag | D6: =Kalender!C6 -> Nein | E6: =Kalender!D6 -> 0 | F6: =Kalender!F6 -> 6 | G6: =Kalender!G6 -> 2020 | H6: =Kalender!H6 -> 05.06.2020
A7: =Kalender!E7 -> 6 | B7: =Kalender!A7 -> 06.06.2020 | C7: =Kalender!B7 -> Samstag | D7: =Kalender!C7 -> Ja | E7: =Kalender!D7 -> 0 | F7: =Kalender!F7 -> 6 | G7: =Kalender!G7 -> 2020 | H7: =Kalender!H7 -> 06.06.2020
A8: =Kalender!E8 -> 7 | B8: =Kalender!A8 -> 07.06.2020 | C8: =Kalender!B8 -> Sonntag | D8: =Kalender!C8 -> Ja | E8: =Kalender!D8 -> 0 | F8: =Kalender!F8 -> 6 | G8: =Kalender!G8 -> 2020 | H8: =Kalender!H8 -> 07.06.2020
A9: =Kalender!E9 -> 8 | B9: =Kalender!A9 -> 08.06.2020 | C9: =Kalender!B9 -> Montag | D9: =Kalender!C9 -> Nein | E9: =Kalender!D9 -> 0 | F9: =Kalender!F9 -> 6 | G9: =Kalender!G9 -> 2020 | H9: =Kalender!H9 -> 08.06.2020
A10: =Kalender!E10 -> 9 | B10: =Kalender!A10 -> 09.06.2020 | C10: =Kalender!B10 -> Dienstag | D10: =Kalender!C10 -> Nein | E10: =Kalender!D10 -> 0 | F10: =Kalender!F10 -> 6 | G10: =Kalender!G10 -> 2020 | H10: =Kalender!H10 -> 09.06.2020
A11: =Kalender!E11 -> 10 | B11: =Kalender!A11 -> 10.06.2020 | C11: =Kalender!B11 -> Mittwoch | D11: =Kalender!C11 -> Nein | E11: =Kalender!D11 -> 0 | F11: =Kalender!F11 -> 6 | G11: =Kalender!G11 -> 2020 | H11: =Kalender!H11 -> 10.06.2020
A12: =Kalender!E12 -> 11 | B12: =Kalender!A12 -> 11.06.2020 | C12: =Kalender!B12 -> Donnerstag | D12: =Kalender!C12 -> Nein | E12: =Kalender!D12 -> 0 | F12: =Kalender!F12 -> 6 | G12: =Kalender!G12 -> 2020 | H12: =Kalender!H12 -> 11.06.2020
A13: =Kalender!E13 -> 12 | B13: =Kalender!A13 -> 12.06.2020 | C13: =Kalender!B13 -> Freitag | D13: =Kalender!C13 -> Nein | E13: =Kalender!D13 -> 0 | F13: =Kalender!F13 -> 6 | G13: =Kalender!G13 -> 2020 | H13: =Kalender!H13 -> 12.06.2020
... A31: =Kalender!E31 -> 30 | B31: =Kalender!A31 -> 30.06.2020 | C31: =Kalender!B31 -> Dienstag | D31: =Kalender!C31 -> Nein | E31: =Kalender!D31 -> 0 | F31: =Kalender!F31 -> 6 | G31: =Kalender!G31 -> 2020 | H31: =Kalender!H31 -> 30.06.2020

Sheet TFT
A1: EmployeeNo | B1: Datum | C1: Wochentag | D1: AbsenceCause | E1: Arbeitstag | F1: SickFlag | G1: DateKey | H1: DatumWert
A2: E001 | B2: =H2 -> 02.06.2020 | C2: =Kalender!B3 -> Dienstag | D2: KRANK | E2: =IF(INDEX(Kalender!$C$2:$C$31,G2)="Nein",1,0) -> 1 | F2: =IF(D2="KRANK",1,0) -> 1 | G2: =DAY(DATE(VALUE(RIGHT(H2,4)),VALUE(MID(H2,4,2)),VALUE(LEFT(H2,2)))) -> 2 | H2: =Kalender!H3 -> 02.06.2020
A3: E001 | B3: =H3 -> 03.06.2020 | C3: =Kalender!B4 -> Mittwoch | D3: KRANK | E3: =IF(INDEX(Kalender!$C$2:$C$31,G3)="Nein",1,0) -> 1 | F3: =IF(D3="KRANK",1,0) -> 1 | G3: =DAY(DATE(VALUE(RIGHT(H3,4)),VALUE(MID(H3,4,2)),VALUE(LEFT(H3,2)))) -> 3 | H3: =Kalender!H4 -> 03.06.2020
A4: E001 | B4: =H4 -> 08.06.2020 | C4: =Kalender!B9 -> Montag | D4: KRANK | E4: =IF(INDEX(Kalender!$C$2:$C$31,G4)="Nein",1,0) -> 1 | F4: =IF(D4="KRANK",1,0) -> 1 | G4: =DAY(DATE(VALUE(RIGHT(H4,4)),VALUE(MID(H4,4,2)),VALUE(LEFT(H4,2)))) -> 8 | H4: =Kalender!H9 -> 08.06.2020
A5: E001 | B5: =H5 -> 09.06.2020 | C5: =Kalender!B10 -> Dienstag | D5: KRANK | E5: =IF(INDEX(Kalender!$C$2:$C$31,G5)="Nein",1,0) -> 1 | F5: =IF(D5="KRANK",1,0) -> 1 | G5: =DAY(DATE(VALUE(RIGHT(H5,4)),VALUE(MID(H5,4,2)),VALUE(LEFT(H5,2)))) -> 9 | H5: =Kalender!H10 -> 09.06.2020
A6: E001 | B6: =H6 -> 10.06.2020 | C6: =Kalender!B11 -> Mittwoch | D6: KRANK | E6: =IF(INDEX(Kalender!$C$2:$C$31,G6)="Nein",1,0) -> 1 | F6: =IF(D6="KRANK",1,0) -> 1 | G6: =DAY(DATE(VALUE(RIGHT(H6,4)),VALUE(MID(H6,4,2)),VALUE(LEFT(H6,2)))) -> 10 | H6: =Kalender!H11 -> 10.06.2020
A7: E002 | B7: =H7 -> 05.06.2020 | C7: =Kalender!B6 -> Freitag | D7: URLAUB | E7: =IF(INDEX(Kalender!$C$2:$C$31,G7)="Nein",1,0) -> 1 | F7: =IF(D7="KRANK",1,0) -> 0 | G7: =DAY(DATE(VALUE(RIGHT(H7,4)),VALUE(MID(H7,4,2)),VALUE(LEFT(H7,2)))) -> 5 | H7: =Kalender!H6 -> 05.06.2020
A8: E002 | B8: =H8 -> 15.06.2020 | C8: =Kalender!B16 -> Montag | D8: KRANK | E8: =IF(INDEX(Kalender!$C$2:$C$31,G8)="Nein",1,0) -> 1 | F8: =IF(D8="KRANK",1,0) -> 1 | G8: =DAY(DATE(VALUE(RIGHT(H8,4)),VALUE(MID(H8,4,2)),VALUE(LEFT(H8,2)))) -> 15 | H8: =Kalender!H16 -> 15.06.2020
A9: E002 | B9: =H9 -> 16.06.2020 | C9: =Kalender!B17 -> Dienstag | D9: KRANK | E9: =IF(INDEX(Kalender!$C$2:$C$31,G9)="Nein",1,0) -> 1 | F9: =IF(D9="KRANK",1,0) -> 1 | G9: =DAY(DATE(VALUE(RIGHT(H9,4)),VALUE(MID(H9,4,2)),VALUE(LEFT(H9,2)))) -> 16 | H9: =Kalender!H17 -> 16.06.2020
A10: E002 | B10: =H10 -> 17.06.2020 | C10: =Kalender!B18 -> Mittwoch | D10: KRANK | E10: =IF(INDEX(Kalender!$C$2:$C$31,G10)="Nein",1,0) -> 1 | F10: =IF(D10="KRANK",1,0) -> 1 | G10: =DAY(DATE(VALUE(RIGHT(H10,4)),VALUE(MID(H10,4,2)),VALUE(LEFT(H10,2)))) -> 17 | H10: =Kalender!H18 -> 17.06.2020
A11: E003 | B11: =H11 -> 26.06.2020 | C11: =Kalender!B27 -> Freitag | D11: KRANK | E11: =IF(INDEX(Kalender!$C$2:$C$31,G11)="Nein",1,0) -> 1 | F11: =IF(D11="KRANK",1,0) -> 1 | G11: =DAY(DATE(VALUE(RIGHT(H11,4)),VALUE(MID(H11,4,2)),VALUE(LEFT(H11,2)))) -> 26 | H11: =Kalender!H27 -> 26.06.2020

Sheet TFT_Berechnung
A1: AbsenceID | B1: EmployeeNo | C1: FromDate | D1: ToDate | E1: AbsenceCause | F1: WorkDaysAbsent | G1: SickDays | H1: Monat | I1: FromDateWert | J1: ToDateWert
A2: =Abwesenheiten!B2 -> 1 | B2: =Abwesenheiten!A2 -> E001 | C2: =I2 -> 02.06.2020 | D2: =J2 -> 03.06.2020 | E2: =Abwesenheiten!C2 -> KRANK | F2: =COUNTIFS(Kalender!$E$2:$E$31,">="&DAY(DATE(VALUE(RIGHT(I2,4)),VALUE(MID(I2,4,2)),VALUE(LEFT(I2,2)))),Kalender!$E$2:$E$31,"<="&DAY(DATE(VALUE(RIGHT(J2,4)),VALUE(MID(J2,4,2)),VALUE(LEFT(J2,2)))),Kalender!$C$2:$C$31,"Nein") -> 2 | G2: =IF(E2="KRANK",F2,0) -> 2 | H2: =MONTH(DATE(VALUE(RIGHT(I2,4)),VALUE(MID(I2,4,2)),VALUE(LEFT(I2,2)))) -> 6 | I2: =Abwesenheiten!F2 -> 02.06.2020 | J2: =Abwesenheiten!G2 -> 03.06.2020
A3: =Abwesenheiten!B3 -> 2 | B3: =Abwesenheiten!A3 -> E001 | C3: =I3 -> 08.06.2020 | D3: =J3 -> 10.06.2020 | E3: =Abwesenheiten!C3 -> KRANK | F3: =COUNTIFS(Kalender!$E$2:$E$31,">="&DAY(DATE(VALUE(RIGHT(I3,4)),VALUE(MID(I3,4,2)),VALUE(LEFT(I3,2)))),Kalender!$E$2:$E$31,"<="&DAY(DATE(VALUE(RIGHT(J3,4)),VALUE(MID(J3,4,2)),VALUE(LEFT(J3,2)))),Kalender!$C$2:$C$31,"Nein") -> 3 | G3: =IF(E3="KRANK",F3,0) -> 3 | H3: =MONTH(DATE(VALUE(RIGHT(I3,4)),VALUE(MID(I3,4,2)),VALUE(LEFT(I3,2)))) -> 6 | I3: =Abwesenheiten!F3 -> 08.06.2020 | J3: =Abwesenheiten!G3 -> 10.06.2020
A4: =Abwesenheiten!B4 -> 3 | B4: =Abwesenheiten!A4 -> E002 | C4: =I4 -> 05.06.2020 | D4: =J4 -> 05.06.2020 | E4: =Abwesenheiten!C4 -> URLAUB | F4: =COUNTIFS(Kalender!$E$2:$E$31,">="&DAY(DATE(VALUE(RIGHT(I4,4)),VALUE(MID(I4,4,2)),VALUE(LEFT(I4,2)))),Kalender!$E$2:$E$31,"<="&DAY(DATE(VALUE(RIGHT(J4,4)),VALUE(MID(J4,4,2)),VALUE(LEFT(J4,2)))),Kalender!$C$2:$C$31,"Nein") -> 1 | G4: =IF(E4="KRANK",F4,0) -> 0 | H4: =MONTH(DATE(VALUE(RIGHT(I4,4)),VALUE(MID(I4,4,2)),VALUE(LEFT(I4,2)))) -> 6 | I4: =Abwesenheiten!F4 -> 05.06.2020 | J4: =Abwesenheiten!G4 -> 05.06.2020
A5: =Abwesenheiten!B5 -> 4 | B5: =Abwesenheiten!A5 -> E002 | C5: =I5 -> 15.06.2020 | D5: =J5 -> 17.06.2020 | E5: =Abwesenheiten!C5 -> KRANK | F5: =COUNTIFS(Kalender!$E$2:$E$31,">="&DAY(DATE(VALUE(RIGHT(I5,4)),VALUE(MID(I5,4,2)),VALUE(LEFT(I5,2)))),Kalender!$E$2:$E$31,"<="&DAY(DATE(VALUE(RIGHT(J5,4)),VALUE(MID(J5,4,2)),VALUE(LEFT(J5,2)))),Kalender!$C$2:$C$31,"Nein") -> 3 | G5: =IF(E5="KRANK",F5,0) -> 3 | H5: =MONTH(DATE(VALUE(RIGHT(I5,4)),VALUE(MID(I5,4,2)),VALUE(LEFT(I5,2)))) -> 6 | I5: =Abwesenheiten!F5 -> 15.06.2020 | J5: =Abwesenheiten!G5 -> 17.06.2020
A6: =Abwesenheiten!B6 -> 5 | B6: =Abwesenheiten!A6 -> E003 | C6: =I6 -> 26.06.2020 | D6: =J6 -> 26.06.2020 | E6: =Abwesenheiten!C6 -> KRANK | F6: =COUNTIFS(Kalender!$E$2:$E$31,">="&DAY(DATE(VALUE(RIGHT(I6,4)),VALUE(MID(I6,4,2)),VALUE(LEFT(I6,2)))),Kalender!$E$2:$E$31,"<="&DAY(DATE(VALUE(RIGHT(J6,4)),VALUE(MID(J6,4,2)),VALUE(LEFT(J6,2)))),Kalender!$C$2:$C$31,"Nein") -> 1 | G6: =IF(E6="KRANK",F6,0) -> 1 | H6: =MONTH(DATE(VALUE(RIGHT(I6,4)),VALUE(MID(I6,4,2)),VALUE(LEFT(I6,2)))) -> 6 | I6: =Abwesenheiten!F6 -> 26.06.2020 | J6: =Abwesenheiten!G6 -> 26.06.2020

Sheet PSFT
A1: EmployeeNo | B1: Monat | C1: Abwesenheitstage | D1: Krankheitstage | E1: Arbeitstage | F1: SicknessRatePeriod
A2: E001 | B2: 1 | C2: =SUMIFS(TFT_Berechnung!$F$2:$F$6,TFT_Berechnung!$B$2:$B$6,$A2,TFT_Berechnung!$H$2:$H$6,B2) -> 0 | D2: =SUMIFS(TFT_Berechnung!$G$2:$G$6,TFT_Berechnung!$B$2:$B$6,$A2,TFT_Berechnung!$H$2:$H$6,B2) -> 0 | E2: =IF(C2+D2>0,COUNTIFS(Kalender!$F$2:$F$31,B2,Kalender!$C$2:$C$31,"Nein"),0) -> 0 | F2: =IF(E2>0,D2/E2,0) -> 0
A3: E001 | B3: 2 | C3: =SUMIFS(TFT_Berechnung!$F$2:$F$6,TFT_Berechnung!$B$2:$B$6,$A3,TFT_Berechnung!$H$2:$H$6,B3) -> 0 | D3: =SUMIFS(TFT_Berechnung!$G$2:$G$6,TFT_Berechnung!$B$2:$B$6,$A3,TFT_Berechnung!$H$2:$H$6,B3) -> 0 | E3: =IF(C3+D3>0,COUNTIFS(Kalender!$F$2:$F$31,B3,Kalender!$C$2:$C$31,"Nein"),0) -> 0 | F3: =IF(E3>0,D3/E3,0) -> 0
A4: E001 | B4: 3 | C4: =SUMIFS(TFT_Berechnung!$F$2:$F$6,TFT_Berechnung!$B$2:$B$6,$A4,TFT_Berechnung!$H$2:$H$6,B4) -> 0 | D4: =SUMIFS(TFT_Berechnung!$G$2:$G$6,TFT_Berechnung!$B$2:$B$6,$A4,TFT_Berechnung!$H$2:$H$6,B4) -> 0 | E4: =IF(C4+D4>0,COUNTIFS(Kalender!$F$2:$F$31,B4,Kalender!$C$2:$C$31,"Nein"),0) -> 0 | F4: =IF(E4>0,D4/E4,0) -> 0
A5: E001 | B5: 4 | C5: =SUMIFS(TFT_Berechnung!$F$2:$F$6,TFT_Berechnung!$B$2:$B$6,$A5,TFT_Berechnung!$H$2:$H$6,B5) -> 0 | D5: =SUMIFS(TFT_Berechnung!$G$2:$G$6,TFT_Berechnung!$B$2:$B$6,$A5,TFT_Berechnung!$H$2:$H$6,B5) -> 0 | E5: =IF(C5+D5>0,COUNTIFS(Kalender!$F$2:$F$31,B5,Kalender!$C$2:$C$31,"Nein"),0) -> 0 | F5: =IF(E5>0,D5/E5,0) -> 0
A6: E001 | B6: 5 | C6: =SUMIFS(TFT_Berechnung!$F$2:$F$6,TFT_Berechnung!$B$2:$B$6,$A6,TFT_Berechnung!$H$2:$H$6,B6) -> 0 | D6: =SUMIFS(TFT_Berechnung!$G$2:$G$6,TFT_Berechnung!$B$2:$B$6,$A6,TFT_Berechnung!$H$2:$H$6,B6) -> 0 | E6: =IF(C6+D6>0,COUNTIFS(Kalender!$F$2:$F$31,B6,Kalender!$C$2:$C$31,"Nein"),0) -> 0 | F6: =IF(E6>0,D6/E6,0) -> 0
A7: E001 | B7: 6 | C7: =SUMIFS(TFT_Berechnung!$F$2:$F$6,TFT_Berechnung!$B$2:$B$6,$A7,TFT_Berechnung!$H$2:$H$6,B7) -> 5 | D7: =SUMIFS(TFT_Berechnung!$G$2:$G$6,TFT_Berechnung!$B$2:$B$6,$A7,TFT_Berechnung!$H$2:$H$6,B7) -> 5 | E7: =IF(C7+D7>0,COUNTIFS(Kalender!$F$2:$F$31,B7,Kalender!$C$2:$C$31,"Nein"),0) -> 22 | F7: =IF(E7>0,D7/E7,0) -> 0.22727273
A8: E001 | B8: 7 | C8: =SUMIFS(TFT_Berechnung!$F$2:$F$6,TFT_Berechnung!$B$2:$B$6,$A8,TFT_Berechnung!$H$2:$H$6,B8) -> 0 | D8: =SUMIFS(TFT_Berechnung!$G$2:$G$6,TFT_Berechnung!$B$2:$B$6,$A8,TFT_Berechnung!$H$2:$H$6,B8) -> 0 | E8: =IF(C8+D8>0,COUNTIFS(Kalender!$F$2:$F$31,B8,Kalender!$C$2:$C$31,"Nein"),0) -> 0 | F8: =IF(E8>0,D8/E8,0) -> 0
A9: E001 | B9: 8 | C9: =SUMIFS(TFT_Berechnung!$F$2:$F$6,TFT_Berechnung!$B$2:$B$6,$A9,TFT_Berechnung!$H$2:$H$6,B9) -> 0 | D9: =SUMIFS(TFT_Berechnung!$G$2:$G$6,TFT_Berechnung!$B$2:$B$6,$A9,TFT_Berechnung!$H$2:$H$6,B9) -> 0 | E9: =IF(C9+D9>0,COUNTIFS(Kalender!$F$2:$F$31,B9,Kalender!$C$2:$C$31,"Nein"),0) -> 0 | F9: =IF(E9>0,D9/E9,0) -> 0
A10: E001 | B10: 9 | C10: =SUMIFS(TFT_Berechnung!$F$2:$F$6,TFT_Berechnung!$B$2:$B$6,$A10,TFT_Berechnung!$H$2:$H$6,B10) -> 0 | D10: =SUMIFS(TFT_Berechnung!$G$2:$G$6,TFT_Berechnung!$B$2:$B$6,$A10,TFT_Berechnung!$H$2:$H$6,B10) -> 0 | E10: =IF(C10+D10>0,COUNTIFS(Kalender!$F$2:$F$31,B10,Kalender!$C$2:$C$31,"Nein"),0) -> 0 | F10: =IF(E10>0,D10/E10,0) -> 0
A11: E001 | B11: 10 | C11: =SUMIFS(TFT_Berechnung!$F$2:$F$6,TFT_Berechnung!$B$2:$B$6,$A11,TFT_Berechnung!$H$2:$H$6,B11) -> 0 | D11: =SUMIFS(TFT_Berechnung!$G$2:$G$6,TFT_Berechnung!$B$2:$B$6,$A11,TFT_Berechnung!$H$2:$H$6,B11) -> 0 | E11: =IF(C11+D11>0,COUNTIFS(Kalender!$F$2:$F$31,B11,Kalender!$C$2:$C$31,"Nein"),0) -> 0 | F11: =IF(E11>0,D11/E11,0) -> 0
A12: E001 | B12: 11 | C12: =SUMIFS(TFT_Berechnung!$F$2:$F$6,TFT_Berechnung!$B$2:$B$6,$A12,TFT_Berechnung!$H$2:$H$6,B12) -> 0 | D12: =SUMIFS(TFT_Berechnung!$G$2:$G$6,TFT_Berechnung!$B$2:$B$6,$A12,TFT_Berechnung!$H$2:$H$6,B12) -> 0 | E12: =IF(C12+D12>0,COUNTIFS(Kalender!$F$2:$F$31,B12,Kalender!$C$2:$C$31,"Nein"),0) -> 0 | F12: =IF(E12>0,D12/E12,0) -> 0
A13: E001 | B13: 12 | C13: =SUMIFS(TFT_Berechnung!$F$2:$F$6,TFT_Berechnung!$B$2:$B$6,$A13,TFT_Berechnung!$H$2:$H$6,B13) -> 0 | D13: =SUMIFS(TFT_Berechnung!$G$2:$G$6,TFT_Berechnung!$B$2:$B$6,$A13,TFT_Berechnung!$H$2:$H$6,B13) -> 0 | E13: =IF(C13+D13>0,COUNTIFS(Kalender!$F$2:$F$31,B13,Kalender!$C$2:$C$31,"Nein"),0) -> 0 | F13: =IF(E13>0,D13/E13,0) -> 0
... A37: E003 | B37: 12 | C37: =SUMIFS(TFT_Berechnung!$F$2:$F$6,TFT_Berechnung!$B$2:$B$6,$A37,TFT_Berechnung!$H$2:$H$6,B37) -> 0 | D37: =SUMIFS(TFT_Berechnung!$G$2:$G$6,TFT_Berechnung!$B$2:$B$6,$A37,TFT_Berechnung!$H$2:$H$6,B37) -> 0 | E37: =IF(C37+D37>0,COUNTIFS(Kalender!$F$2:$F$31,B37,Kalender!$C$2:$C$31,"Nein"),0) -> 0 | F37: =IF(E37>0,D37/E37,0) -> 0

Sheet ASFT
A1: AbsenceCaseID | B1: EmployeeNo | C1: FromDate | D1: ToDate | E1: AbsenceCause | F1: WorkDaysAbsent | G1: DurationDays | H1: IsClosedCase | I1: StartDateKey | J1: EndDateKey | K1: FromDateWert | L1: ToDateWert
A2: =Abwesenheiten!B2 -> 1 | B2: =Abwesenheiten!A2 -> E001 | C2: =K2 -> 02.06.2020 | D2: =L2 -> 03.06.2020 | E2: =Abwesenheiten!C2 -> KRANK | F2: =TFT_Berechnung!F2 -> 2 | G2: =DATE(VALUE(RIGHT(L2,4)),VALUE(MID(L2,4,2)),VALUE(LEFT(L2,2)))-DATE(VALUE(RIGHT(K2,4)),VALUE(MID(K2,4,2)),VALUE(LEFT(K2,2)))+1 -> 2 | H2: 1 | I2: =DAY(DATE(VALUE(RIGHT(K2,4)),VALUE(MID(K2,4,2)),VALUE(LEFT(K2,2)))) -> 2 | J2: =DAY(DATE(VALUE(RIGHT(L2,4)),VALUE(MID(L2,4,2)),VALUE(LEFT(L2,2)))) -> 3 | K2: =Abwesenheiten!F2 -> 02.06.2020 | L2: =Abwesenheiten!G2 -> 03.06.2020
A3: =Abwesenheiten!B3 -> 2 | B3: =Abwesenheiten!A3 -> E001 | C3: =K3 -> 08.06.2020 | D3: =L3 -> 10.06.2020 | E3: =Abwesenheiten!C3 -> KRANK | F3: =TFT_Berechnung!F3 -> 3 | G3: =DATE(VALUE(RIGHT(L3,4)),VALUE(MID(L3,4,2)),VALUE(LEFT(L3,2)))-DATE(VALUE(RIGHT(K3,4)),VALUE(MID(K3,4,2)),VALUE(LEFT(K3,2)))+1 -> 3 | H3: 1 | I3: =DAY(DATE(VALUE(RIGHT(K3,4)),VALUE(MID(K3,4,2)),VALUE(LEFT(K3,2)))) -> 8 | J3: =DAY(DATE(VALUE(RIGHT(L3,4)),VALUE(MID(L3,4,2)),VALUE(LEFT(L3,2)))) -> 10 | K3: =Abwesenheiten!F3 -> 08.06.2020 | L3: =Abwesenheiten!G3 -> 10.06.2020
A4: =Abwesenheiten!B4 -> 3 | B4: =Abwesenheiten!A4 -> E002 | C4: =K4 -> 05.06.2020 | D4: =L4 -> 05.06.2020 | E4: =Abwesenheiten!C4 -> URLAUB | F4: =TFT_Berechnung!F4 -> 1 | G4: =DATE(VALUE(RIGHT(L4,4)),VALUE(MID(L4,4,2)),VALUE(LEFT(L4,2)))-DATE(VALUE(RIGHT(K4,4)),VALUE(MID(K4,4,2)),VALUE(LEFT(K4,2)))+1 -> 1 | H4: 1 | I4: =DAY(DATE(VALUE(RIGHT(K4,4)),VALUE(MID(K4,4,2)),VALUE(LEFT(K4,2)))) -> 5 | J4: =DAY(DATE(VALUE(RIGHT(L4,4)),VALUE(MID(L4,4,2)),VALUE(LEFT(L4,2)))) -> 5 | K4: =Abwesenheiten!F4 -> 05.06.2020 | L4: =Abwesenheiten!G4 -> 05.06.2020
A5: =Abwesenheiten!B5 -> 4 | B5: =Abwesenheiten!A5 -> E002 | C5: =K5 -> 15.06.2020 | D5: =L5 -> 17.06.2020 | E5: =Abwesenheiten!C5 -> KRANK | F5: =TFT_Berechnung!F5 -> 3 | G5: =DATE(VALUE(RIGHT(L5,4)),VALUE(MID(L5,4,2)),VALUE(LEFT(L5,2)))-DATE(VALUE(RIGHT(K5,4)),VALUE(MID(K5,4,2)),VALUE(LEFT(K5,2)))+1 -> 3 | H5: 1 | I5: =DAY(DATE(VALUE(RIGHT(K5,4)),VALUE(MID(K5,4,2)),VALUE(LEFT(K5,2)))) -> 15 | J5: =DAY(DATE(VALUE(RIGHT(L5,4)),VALUE(MID(L5,4,2)),VALUE(LEFT(L5,2)))) -> 17 | K5: =Abwesenheiten!F5 -> 15.06.2020 | L5: =Abwesenheiten!G5 -> 17.06.2020
A6: =Abwesenheiten!B6 -> 5 | B6: =Abwesenheiten!A6 -> E003 | C6: =K6 -> 26.06.2020 | D6: =L6 -> 26.06.2020 | E6: =Abwesenheiten!C6 -> KRANK | F6: =TFT_Berechnung!F6 -> 1 | G6: =DATE(VALUE(RIGHT(L6,4)),VALUE(MID(L6,4,2)),VALUE(LEFT(L6,2)))-DATE(VALUE(RIGHT(K6,4)),VALUE(MID(K6,4,2)),VALUE(LEFT(K6,2)))+1 -> 1 | H6: 1 | I6: =DAY(DATE(VALUE(RIGHT(K6,4)),VALUE(MID(K6,4,2)),VALUE(LEFT(K6,2)))) -> 26 | J6: =DAY(DATE(VALUE(RIGHT(L6,4)),VALUE(MID(L6,4,2)),VALUE(LEFT(L6,2)))) -> 26 | K6: =Abwesenheiten!F6 -> 26.06.2020 | L6: =Abwesenheiten!G6 -> 26.06.2020

Sheet Bericht
A1: Wochentag | B1: Arbeitstage | C1: Krankheitstage | D1: Krankheitsquote
A2: Montag | B2: =COUNTA(Dim_Mitarbeiter!$A$2:$A$4)*COUNTIFS(Kalender!$B$2:$B$31,A2,Kalender!$C$2:$C$31,"Nein") -> 15 | C2: =SUMIFS(TFT!$F$2:$F$11,TFT!$C$2:$C$11,A2) -> 2 | D2: =IF(B2>0,C2/B2,0) -> 0.13333333
A3: Dienstag | B3: =COUNTA(Dim_Mitarbeiter!$A$2:$A$4)*COUNTIFS(Kalender!$B$2:$B$31,A3,Kalender!$C$2:$C$31,"Nein") -> 15 | C3: =SUMIFS(TFT!$F$2:$F$11,TFT!$C$2:$C$11,A3) -> 3 | D3: =IF(B3>0,C3/B3,0) -> 0.2
A4: Mittwoch | B4: =COUNTA(Dim_Mitarbeiter!$A$2:$A$4)*COUNTIFS(Kalender!$B$2:$B$31,A4,Kalender!$C$2:$C$31,"Nein") -> 12 | C4: =SUMIFS(TFT!$F$2:$F$11,TFT!$C$2:$C$11,A4) -> 3 | D4: =IF(B4>0,C4/B4,0) -> 0.25
A5: Donnerstag | B5: =COUNTA(Dim_Mitarbeiter!$A$2:$A$4)*COUNTIFS(Kalender!$B$2:$B$31,A5,Kalender!$C$2:$C$31,"Nein") -> 12 | C5: =SUMIFS(TFT!$F$2:$F$11,TFT!$C$2:$C$11,A5) -> 0 | D5: =IF(B5>0,C5/B5,0) -> 0
A6: Freitag | B6: =COUNTA(Dim_Mitarbeiter!$A$2:$A$4)*COUNTIFS(Kalender!$B$2:$B$31,A6,Kalender!$C$2:$C$31,"Nein") -> 12 | C6: =SUMIFS(TFT!$F$2:$F$11,TFT!$C$2:$C$11,A6) -> 1 | D6: =IF(B6>0,C6/B6,0) -> 0.083333333
A7: Samstag | B7: =COUNTA(Dim_Mitarbeiter!$A$2:$A$4)*COUNTIFS(Kalender!$B$2:$B$31,A7,Kalender!$C$2:$C$31,"Nein") -> 0 | C7: =SUMIFS(TFT!$F$2:$F$11,TFT!$C$2:$C$11,A7) -> 0 | D7: =IF(B7>0,C7/B7,0) -> 0
A8: Sonntag | B8: =COUNTA(Dim_Mitarbeiter!$A$2:$A$4)*COUNTIFS(Kalender!$B$2:$B$31,A8,Kalender!$C$2:$C$31,"Nein") -> 0 | C8: =SUMIFS(TFT!$F$2:$F$11,TFT!$C$2:$C$11,A8) -> 0 | D8: =IF(B8>0,C8/B8,0) -> 0
